,rank,pp,playerName,acc1,pp1,scoreRank1,acc2,pp2,scoreRank2,acc3,pp3,scoreRank3,acc4,pp4,scoreRank4,acc5,pp5,scoreRank5,acc6,pp6,scoreRank6,acc7,pp7,scoreRank7,acc8,pp8,scoreRank8,acc9,pp9,scoreRank9,acc10,pp10,scoreRank10,avgTopAcc,avgAcc,avgStars
0,37,14887.6,/2429129807113296,0.961545582692673,561.58,9,0.9603213523912046,557.118,3,0.9595503367985665,547.449,4,0.9608910100516957,545.957,11,0.9586613862104435,544.981,5,0.958634908487179,544.811,6,0.9598618669379357,540.206,15,0.9618769402692671,539.118,9,0.957272546438744,536.017,15,0.9556068331272655,530.165,12,0.9594222763404975,0.943223619816353,11.667999999999997
